date,title,yt_id,url,active,registrant,debug
20110706,Johnny English Reborn Exclusive Trailer,wawSjr2xX74,www.johnnyenglishreborn.com.au,False,,
20111123,Battleship - Global Teaser Trailer,3EtQDQgj3iQ,battleshipmovie.com,True,,
20111125,American Pie Reunion,f_Sb-xsIKPs,americanreunionmovie.com.au,False,,
20120116,American Pie Reunion - Red Band Trailer,spv2lOBRDWw,americanreunionmovie.com.au,False,,
20120124,American Pie: Reunion - Trailer B,QsllnLSOEjM,americanreunionmovie.com.au,False,,
20120215,Dr Seuss The LORAX - Zac Efron How to Get a Girl,39vZOPsdT1k,www.theloraxmovie.com.au,False,,
20120213,Dr Seuss The LORAX - Zac Efron on Ted,kp11JnYDI1E,www.theloraxmovie.com.au,False,,
20120217,Dr Seuss The LORAX - Taylor Swift on Audrey,wEP-GmqB0xk,www.theloraxmovie.com.au,False,,
20120214,Dr Seuss The LORAX - Betty White on Grammy Norma,LVpV4jCu7yE,www.theloraxmovie.com.au,False,,
20120424,The Five Year Engagement - Redband Trailer,Q3BgwuFClgU,www.fiveyearengagementmovie.com.au,False,,
20120213,Dr Seuss The LORAX -  Danny De Vito on The Lorax,BFrX4Vb-VEE,www.theloraxmovie.com.au,False,,
20120420,The Five Year Engagement - Official Trailer,0HQ_qEJ2TSk,www.fiveyearengagementmovie.com.au,False,,
20120423,The Five Year Engagement - Sister Act,kDuvR56PYto,www.fiveyearengagementmovie.com.au,False,,
20111209,The Five-Year Engagement Official Trailer,16tpKmTdMEI,www.fiveyearengagementmovie.com.au,False,,
20120203,Dr Seuss The LORAX - The Once-ler's family arrives in the forest,COrdYkfDPPU,www.theloraxmovie.com.au,False,,
20111209,Dr Seuss The LORAX Official Trailer,Bu3Kkh9D8es,www.theloraxmovie.com.au,False,,
20120423,The Five Year Engagement - A Look Inside,fAIcvtI7lvA,www.fiveyearengagementmovie.com.au,False,,
20120327,The 50 Caliber,h4dI-wtKnfY,www.battleshipmovie.com.au,False,,
20111212,Battleship - Official Trailer,NSYePlBLZYM,www.battleshipmovie.com.au,False,,
20120327,Making Soccer Stars,44WuTpit8GE,www.battleshipmovie.com.au,False,,
20120327,Rihanna Creating Character Raikes,_gRsgl_LYLQ,www.battleshipmovie.com.au,False,,
20120103,Battleship - Official Trailer,Lj-abaGjWNk,www.battleshipmovie.com.au,False,,
20120326,Goldilocks Planets,Peh5YES-7QU,www.battleshipmovie.com.au,False,,
20120327,Rocking the Boat,jh_SGi4XO18,www.battleshipmovie.com.au,False,,
20120125,Battleship Trailer C,DSmLr7AF0_I,www.battleshipmovie.com.au,False,,
20111213,Tinker Tailor Soldier Spy - Inside the Circus,DJ5sdvDR0CU,www.tinkertailorsoldierspymovie.com.au,False,,
20120120,Tinker Tailor Soldier Spy - 11 Bafta Nominations,ts-s8uqQnVU,www.tinkertailorsoldierspymovie.com.au,False,,
20111213,Tinker Tailor Soldier Spy - Smiley Email,7zkel5L1JbE,www.tinkertailorsoldierspymovie.com.au,False,,
20111213,Tinker Tailor Soldier Spy - Shadow World,6GJG3RUYIW8,www.tinkertailorsoldierspymovie.com.au,False,,
20111213,Tinker Tailor Soldier Spy - John le Carré,Ve3WYVYQ7sU,www.tinkertailorsoldierspymovie.com.au,False,,
20120206,Safe House - A Look Inside,f93By5YcG74,www.thesafehousemovie.com.au,False,,
20120208,Safe House - Cape Town,AUivmOElkiE,www.thesafehousemovie.com.au,False,,
20120206,Safe House - Tobin Frost,NDHPQFsb0ak,www.thesafehousemovie.com.au,False,,
20120130,Safe House - Weston guards Frost,BR3ZBJMp9T8,www.thesafehousemovie.com.au,False,,
20120130,Safe House -  Frost confronts Weston,ofr9l-KgH24,www.thesafehousemovie.com.au,False,,
20120206,Safe House - Matt Weston,e4iJX5NjMqU,www.thesafehousemovie.com.au,False,,
20120206,Step Up 4 Official Teaser Trailer,w3RFcRV9N70,www.stepup4evermovie.com.au,False,,
20120720,The Bourne Legacy - Official Movie 15 Sec TV Spot 2012 [Universal Pictures],_U4advyyPI8,www.thebournelegacymovie.com.au,False,,
20120601,The Bourne Legacy - Official HD Movie Trailer 2012 [Universal Pictures],hRWpQfxfIn8,www.thebournelegacymovie.com.au,False,,
20120806,The Bourne Legacy - ExtremeWays,uGMSIlVq9jo,www.thebournelegacymovie.com.au,False,,
20120803,The Bourne Legacy - A Look Inside,8ZO-PPkIJQ8,www.thebournelegacymovie.com.au,False,,
20120808,The Bourne Legacy - Rachel Weisz on Marta,OHkc1p28zio,www.thebournelegacymovie.com.au,False,,
20120810,The Bourne Legacy - Jeremy Renner on Aaron Cross,lvFK8Mzzo0c,www.thebournelegacymovie.com.au,False,,
20120730,The Bourne Legacy - Aaron Finds Out,KigPacpbDs8,www.thebournelegacymovie.com.au,False,,
20120820,The Bourne Legacy Melbourne Premiere,elL1O_QCtCI,www.thebournelegacymovie.com.au,False,,
20120209,The Bourne Legacy - Official Trailer,nuxLY5abfjY,www.thebournelegacymovie.com.au,False,,
20120730,The Bourne Legacy - Byer Explains,KADbz8ojO1c,www.thebournelegacymovie.com.au,False,,
20120717,The Bourne Legacy - Official HD Movie Trailer 2012 [Universal Pictures],1JYTDEnkoPI,www.thebournelegacymovie.com.au,False,,
20120803,The Bourne Legacy - Aaron and Marta are Chased,yDmeyN5-U0g,www.thebournelegacymovie.com.au,False,,
20120730,The Bourne Legacy - Aaron rescues Marta,oy9izOU2Xvo,www.thebournelegacymovie.com.au,False,,
20120807,The Bourne Legacy - Edward Norton on Byer,dCg3AHbby1Q,www.thebournelegacymovie.com.au,False,,
20120807,The Bourne Legacy - Shooting In Manila,k0_8JdhoPZg,www.thebournelegacymovie.com.au,False,,
20120720,The Bourne Legacy - Official Movie 30 Sec TV Spot 2012 [Universal Pictures],Xu-T66Se_nw,www.thebournelegacymovie.com.au,False,,
20120730,The Bourne Legacy - Aaron Escapes,IfUp9BTBTI8,www.thebournelegacymovie.com.au,False,,
20120216,Contraband Trailer (Official HD),jToIAx5AtS0,www.contrabandmovie.com.au,False,,
20120221,Mark Wahlberg in Sydney,TG8vLJX5bsA,www.smh.com.au,True,Fairfax Metro Pty Limited,
20120227,Wanderlust Official Redband Trailer,04u7Xs4VkLQ,www.wanderlustmovie.com.au,False,,
20120301,The Raven - Official Trailer HD (2012),SWdezeEKtVw,www.theravenmovie.com.au,False,,
20120314,Despicable Me 2 - Teaser (Official),CWPx11fTQdY,www.universalpicturesaustralia.com,False,,"No match for ""UNIVERSALPICTURESAUSTRALIA.COM"".
>>> Last update of whois database: 2023-01-04T05:46:17Z <<<

NOTICE: The expiration date displayed in this record is the date the
registrar's sponsorship of the domain name registration in the registry is
currently set to expire. This date does not necessarily reflect the expiration
date of the domain name registrant's agreement with the sponsoring
registrar.  Users may consult the sponsoring registrar's Whois database to
view the registrar's reported date of expiration for this registration.

TERMS OF USE: You are not authorized to access or query our Whois
database through the use of electronic processes that are high-volume and
automated except as reasonably necessary to register domain names or
modify existing registrations; the Data in VeriSign Global Registry
Services' (""VeriSign"") Whois database is provided by VeriSign for
information purposes only, and to assist persons in obtaining information
about or related to a domain name registration record. VeriSign does not
guarantee its accuracy. By submitting a Whois query, you agree to abide
by the following terms of use: You agree that you may use this Data only
for lawful purposes and that under no circumstances will you use this Data
to: (1) allow, enable, or otherwise support the transmission of mass
unsolicited, commercial advertising or solicitations via e-mail, telephone,
or facsimile; or (2) enable high volume, automated, electronic processes
that apply to VeriSign (or its computer systems). The compilation,
repackaging, dissemination or other use of this Data is expressly
prohibited without the prior written consent of VeriSign. You agree not to
use electronic processes that are automated and high-volume to access or
query the Whois database except as reasonably necessary to register
domain names or modify existing registrations. VeriSign reserves the right
to restrict your access to the Whois database in its sole discretion to ensure
operational stability.  VeriSign may restrict or terminate your access to the
Whois database for failure to abide by these terms of use. VeriSign
reserves the right to modify these terms at any time.

The Registry database contains ONLY .COM, .NET, .EDU domains and
Registrars.
"
20120427,Snow White and the Huntsman - Setting The Stage,0DkopmhkBR4,www.snowwhiteandthehuntsmanmovie.com.au,False,,
20120328,Snow White and the Huntsman - The First Great Battle,KLl0eXZHtzE,www.snowwhiteandthehuntsmanmovie.com.au,False,,
20120427,Snow White and the Huntsman - The Queen,S-73-MzAQSw,www.snowwhiteandthehuntsmanmovie.com.au,False,,
20120501,Snow White and the Huntsman - Beauty and Evil,jlwRpXDfZCw,www.snowwhiteandthehuntsmanmovie.com.au,False,,
20120430,Snow White and the Huntsman - Inside the Action,9S1GB7UTtOY,www.snowwhiteandthehuntsmanmovie.com.au,False,,
20120501,Snow White and the Huntsman - Devouring Youth,ukmQQHM-ppU,www.snowwhiteandthehuntsmanmovie.com.au,False,,
20120501,Snow White and the Huntsman - Death in the Throne Room,oCZ2oZY3mgA,www.snowwhiteandthehuntsmanmovie.com.au,False,,
20120427,Snow White and the Huntsman - A Look Inside,t_vUmn8LvKk,www.snowwhiteandthehuntsmanmovie.com.au,False,,
20120319,Snow White and the Huntsman - Official Trailer,OXd_39nK97k,www.snowwhiteandthehuntsmanmovie.com.au,False,,
20120518,Snow White and the Huntsman - The Drunken Huntsman,kIB_2SqyXbw,www.snowwhiteandthehuntsmanmovie.com.au,False,,
20120320,Snow White and the Huntsman | Official Movie Trailer 2 [HD] 2012,7bJ0M6ln0tY,www.snowwhiteandthehuntsman.com.au,False,,
20120702,TED - John Asks Ted,jFb2x3n8gTI,www.tedthemovie.com.au,False,,
20120626,TED - A Look Inside,oohBjyV5YxQ,www.tedthemovie.com.au,False,,
20120419,TED - Official Red Band Trailer,1jOLmSpqAVw,www.tedthemovie.com.au,False,,
20120702,TED - Seth's Directorial Debut,0qniCoQGJlY,www.tedthemovie.com.au,False,,
20120827,Moonrise Kingdom - Cousin Ben,8jZXXJQwTPI,www.moonrisekingdommovie.com.au,False,,
20120816,Moonrise Kingdom 15 second TVC,0dUGD_e7qIw,www.moonrisekingdommovie.com.au,False,,
20120430,Moonrise Kingdom Trailer A,GKwPs4xvhJs,www.moonrisekingdommovie.com.au,False,,
20120531,Les Misérables Trailer A,rLXpOBA3ROs,www.lesmismovie.com.au,False,,
20120615,TED - 15 second TVC,wdMnCaR5Uo0,www.tedisreal.com,True,,
20120608,"Ted Official Green Band Trailer -- from Seth McFarlane, creator of Family Guy [Universal Pictures]",XOtBkTB7pQE,www.tedisreal.com,True,,
20120612,"Ted Official Red Band Trailer -- from Seth McFarlane, creator of Family Guy [Universal Pictures]",rSkFJm-eP8o,www.tedisreal.com,True,,
20121030,Pitch Perfect - Meet Bumper,yKdpFRjVcwE,www.pitchperfectmovie.com.au,False,,
20121030,Pitch Perfect - Chloe And Aubrey Recruit Fat Amy,vCvyolMIccg,www.pitchperfectmovie.com.au,False,,
20121030,Pitch Perfect - Chole Tells Aubrey She Has Nodes,tZsuZHriCXI,www.pitchperfectmovie.com.au,False,,
20121102,Pitch Perfect - Meet Stacie,5LIxoJgtH3U,www.pitchperfectmovie.com.au,False,,
20121030,Pitch Perfect - Bellas VS Trebels,6CfCghrmZbw,www.pitchperfectmovie.com.au,False,,
20121030,Pitch Perfect - Burrito Drive By,16SD76gwpjs,www.pitchperfectmovie.com.au,False,,
20121127,"Pitch Perfect 15"" TVC",iuqp3m3U0NQ,www.pitchperfectmovie.com.au,False,,
20121030,Pitch Perfect - On The Set with Ester Dean,PALyqEnUlDI,www.pitchperfectmovie.com.au,False,,
20121030,Pitch Perfect - Meet Beca,OVlPluNUq5s,www.pitchperfectmovie.com.au,False,,
20121030,Pitch Perfect - Meet Aubrey,-B8xzv4eC_c,www.pitchperfectmovie.com.au,False,,
20120903,"Pitch Perfect - The Bellas Remix ""Just The Way You Are""",lmdkVNSXI1E,www.pitchperfectmovie.com.au,False,,
20120831,Pitch Perfect - Riff Off Clip,bcE6RiN9iyg,www.pitchperfectmovie.com.au,False,,
20120620,Pitch Perfect - Trailer 1,y6IlMh6G1dg,www.pitchperfectmovie.com.au,False,,
20120831,Pitch Perfect - A Look Inside,9LZ77c3tBJA,www.pitchperfectmovie.com.au,False,,
20121030,Pitch Perfect - Meet Fat Amy,OUAfQRAcrIs,www.pitchperfectmovie.com.au,False,,
20130116,Anna Karenina - The story,Wk0--edSucY,www.annakareninamovie.com.au,False,,
20121127,Anna Karenina - Trailer B,SsXvtM_lhBo,www.annakareninamovie.com.au,False,,
20130116,Anna Karenina - Movement,2sfvudKvRis,www.annakareninamovie.com.au,False,,
20130116,Anna Karenina - Keira & Joe,1uLAIL6yyzM,www.annakareninamovie.com.au,False,,
20121127,Anna Karenina - Concept Trailer,mkacQbchKl0,www.annakareninamovie.com.au,False,,
20120816,Anna Karenina - Trailer A,ADoeHrAAqPk,www.annakareninamovie.com.au,False,,
20130116,Anna Karenina - Joe's Vision,xustsnPWh70,www.annakareninamovie.com.au,False,,
20130116,Anna Karenina - Tom Stoppard,U9WL0MqLdSY,www.annakareninamovie.com.au,False,,
20121120,This Is 40 - Trailer C,kmlK3EsF4Pc,www.thisis40movie.com.au,False,,
20120821,This Is 40 - Official Trailer,IECtcJ6yC04,www.thisis40movie.com.au,False,,
20121010,Savages Featurette - Meet Chon,mby_8RJ0h4E,www.savagesmovie.com.au,False,,
20120822,Savages - Trailer B,MHWRVix1ewU,www.savagesmovie.com.au,False,,
20121002,Savages Featurette - Meet Elena,CxWduPVbKvY,www.savagesmovie.com.au,False,,
20121002,Savages Featurette - Meet Lado,J177JJEIgTw,www.savagesmovie.com.au,False,,
20121010,Savages Featurette - Meet Ben,SDNqAkmUeWo,www.savagesmovie.com.au,False,,
20121012,Savages Q&A with Benicio Del Toro,UQK85YRfkYk,www.savagesmovie.com.au,False,,
20120822,Savages - Trailer 1,lkJmoFNRxOQ,www.savagesmovie.com.au,False,,
20120927,Savages Featurette - I AM A SAVAGE,5vWpB44u_2U,www.savagesmovie.com.au,False,,
20121002,Savages Featurette - Meet O,pwsN0RrtqZk,www.savagesmovie.com.au,False,,
20120912,Mental - 30 second TVC,E19riq8XH5I,www.mentalmovie.com.au,True,Lok Lam Yu,
20120912,Mental - 15 second TVC,qWpJHTDdAZ8,www.mentalmovie.com.au,True,Lok Lam Yu,
20120920,Mama - TrailerAi,1TTBbGY2A38,www.mamamovie.com.au,False,,
20121003,The Man With The  Iron Fists - Green Band Trailer,aUd2-cDUkus,www.manwiththeironfistsmovie.com.au,False,,
20121003,Nitro Circus the Movie 3D - Official Trailer,N1fTYSTWokw,www.nitrocircusmovie.com.au,True,Spoon Family investments Pty Ltd,
20121025,Nitro Circus the Movie 3D - Trailer 1,MAaOFfcwAlE,www.nitrocircusmovie.com.au,True,Spoon Family investments Pty Ltd,
20121003,The Man With The  Iron Fists - Trailer B,eo0cwWDMOCA,www.manwiththeironfistsmovie.com.au,False,,
20121025,Jesus Christ Superstar Preview Clip,gH1QT4rv-ME,www.jesuschristsuperstarmovie.com.au,False,,
20121009,Jesus Christ Superstar - Trailer 1,AAjS17_U8mk,www.jesuschristsuperstarmovie.com.au,False,,
20121107,Snow White and the Huntsman -- Blu-ray and DVD release trailer,Q5lIY85mLlM,tinyurl.com,True,,
20121112,Jurassic Park 3D - Official Trailer,_bbA_cluYi0,www.jurassicpark3Dmovie.com.au,False,,
20121128,Great Expectations - Trailer 1,sGLRGaeCQrY,www.greatexpectationsmovie.com.au,False,,
20130411,Oblivion - New York Public Library,hATF3qU5b-o,www.oblivionmovie.com.au,False,,
20130411,Oblivion - New York Public Library,hATF3qU5b-o,www.oblivionmovie.com.au,False,,
20130405,Oblivion - Earl's Peak,fXpU0ARunb0,www.oblivionmovie.com.au,False,,
20130405,Oblivion - Earl's Peak,fXpU0ARunb0,www.oblivionmovie.com.au,False,,
20130214,OBLIVION - Official International Trailer - Official HD [Universal Pictures],M8QVnizh52M,www.oblivionmovie.com.au,False,,
20130321,Oblivion - A behind the scenes look at the Bubble Ship,4cJeuHH3o48,www.oblivionmovie.com.au,False,,
20130321,Oblivion - A behind the scenes look at the Bubble Ship,4cJeuHH3o48,www.oblivionmovie.com.au,False,,
20130321,Oblivion - A look inside the film with Tom Cruise,fFZ5X04EOUE,www.oblivionmovie.com.au,False,,
20130321,Oblivion - A look inside the film with Tom Cruise,fFZ5X04EOUE,www.oblivionmovie.com.au,False,,
20121210,OBLIVION - Trailer A,VUw2_EmnotA,www.oblivionmovie.com.au,False,,
20130328,Oblivion - On the Set of the Sky Tower,sK360_dKfFs,www.oblivionmovie.com.au,False,,
20130328,Oblivion - On the Set of the Sky Tower,sK360_dKfFs,www.oblivionmovie.com.au,False,,
20130411,Oblivion - On the set with M83,UcOhKqOCei4,www.oblivionmovie.com.au,False,,
20130411,Oblivion - On the set with M83,UcOhKqOCei4,www.oblivionmovie.com.au,False,,
20130116,This Is 40 - Girls All Grown Up,tTOlz5AUYAA,www.thisis40.com.au,False,,
20130116,This Is 40 - A look inside,De5S4UkZK7I,www.thisis40.com.au,False,,
20130116,This Is 40 - Dancing Machines,y5hFNEAB35s,www.thisis40.com.au,False,,
20130116,This Is 40 - Getting Healthy,HU7rLmvn-dc,www.thisis40.com.au,False,,
20130116,This Is 40 - Sales Girl Siren,1uGftlAPS1I,www.thisis40.com.au,False,,
20130116,This Is 40 - Bodies by Jason,esdda9CYK3g,www.thisis40.com.au,False,,
20130301,Identity Thief Trailer 1,DL-cZQ4E318,www.identitythiefmovie.com.au,False,,
20130301,Identity Thief Trailer B,gdgkq2Trgbk,www.identitythiefmovie.com.au,False,,
20130220,Identity Thief - Diana Orders At The Diner,-qZjC31d_40,www.identitythiefmovie.com.au,False,,
20130305,Identity Thief TV ad - Chase,BimdmXctLzg,www.identitythiefmovie.com.au,False,,
20130617,Despicable Me 2 - A Look Inside with Steve Carell,0wx3uARcZzc,www.despicablememovie.com.au,True,UNIVERSAL PICTURES INTERNATIONAL AUSTRALASIA PTY LTD,
20130701,Despicable Me 2 - The Songs Of Pharrell Williams,QHwmyvTzkt0,www.despicablememovie.com.au,True,UNIVERSAL PICTURES INTERNATIONAL AUSTRALASIA PTY LTD,
20130701,Despicable Me 2 - Gru The Doting Dad,aaQMrlnR1x4,www.despicablememovie.com.au,True,UNIVERSAL PICTURES INTERNATIONAL AUSTRALASIA PTY LTD,
20130626,Despicable Me 2  - Singing Minions,ivCoNXrZ6Kc,www.despicablememovie.com.au,True,UNIVERSAL PICTURES INTERNATIONAL AUSTRALASIA PTY LTD,
20130619,Despicable Me 2 - Meet Lucy Wilde,gCnm0RYyXnU,www.despicablememovie.com.au,True,UNIVERSAL PICTURES INTERNATIONAL AUSTRALASIA PTY LTD,
20130614,Despicable Me 2 - Steve Carell Explains 3D Animation,U8fRuC6ddJs,www.despicablememovie.com.au,True,UNIVERSAL PICTURES INTERNATIONAL AUSTRALASIA PTY LTD,
20130320,DESPICABLE ME 2 Trailer -- Official HD,Wesw7vTC1Co,www.despicablememovie.com.au,True,UNIVERSAL PICTURES INTERNATIONAL AUSTRALASIA PTY LTD,
20130806,Kick Ass 2 - A Look Inside *Redband Clip*,79vH9jO0mxs,www.kickass2movie.com.au,False,,
20130820,Kick Ass 2 - Aaron Taylor-Johnson Is Kick-Ass,tipqW8QJ8yU,www.kickass2movie.com.au,False,,
20130328,Kick Ass 2 - Restricted Trailer,RCHUH2U2W-s,www.kickass2movie.com.au,False,,
20130810,Kick Ass 2 - 60 Second Trailer,YHB58mIU5BY,www.kickass2movie.com.au,False,,
20130816,Kick Ass 2 - Super Bitches,Z6oQE1jzRis,www.kickass2movie.com.au,False,,
20130328,Kick Ass 2 - Official Trailer,496UpltB8-8,www.kickass2movie.com.au,False,,
20130410,We Steal Secrets: The Story Of WikiLeaks Offical Trailer,-hgJ3yXRnDQ,www.westealsecretsmovie.com.au,False,,
20130902,R.I.P.D. - Rotisserie,sG09-HCX704,www.ripdmovie.com.au,False,,
20130801,R.I.P.D - On the set: Car destruction,qjO7Sv5hWQw,www.ripdmovie.com.au,False,,
20130422,R.I.P.D. Official Trailer,oQJ-I1OzwXk,www.ripdmovie.com.au,False,,
20130816,R.I.P.D. - A Look Inside,gBp0iAkFVMQ,www.ripdmovie.com.au,False,,
20130826,R.I.P.D. - Dont Tense Up,tv1NK3eI92s,www.ripdmovie.com.au,False,,
20130909,R.I.P.D. - The Frozen World,6-QOIlBEsuk,www.ripdmovie.com.au,False,,
20130508,Fast & Furious 6 World Premiere in London 7th May 2013,kAVPs0ZmGEA,www.fastandfurious6.com.au,False,,
20130426,Fast & Furious 6 - A Look Inside,fbhriQQrhTk,www.fastandfurious6.com.au,False,,
20130614,Fast & Furious 6 - Sydney Drive-in Premiere May 31,9JT1GjAbGQY,www.fastandfurious6.com.au,False,,
20130503,Fast & Furious 6 - Flip Car behind the scenes,4eCM5nNB5aA,www.fastandfurious6.com.au,False,,
20130430,Fast & Furious 6 - Final Trailer,_Fr36dVQrFw,www.fastandfurious6.com.au,False,,
20130718,The World's End - Australian Premiere 16th July 2013,f9HORrjYM0g,www.theworldsendmovie.com.au,False,,
20130509,THE WORLDS END Official International Teaser Trailer [HD],qlv32GnrodA,www.theworldsendmovie.com.au,False,,
20130713,"The World's End - Edgar Wright, Director At Work",4lSzlTlYZs4,www.theworldsendmovie.com.au,False,,
20130713,The World's End - Simon Pegg & Nick Frost,0Tmj6C3AeSk,www.theworldsendmovie.com.au,False,,
20130514,About Time International Trailer - Official,zlU7aqdQhzs,www.abouttimemovie.com.au,False,,
20130903,About Time - The Wedding & The Weather,yAcWtcJiCts,www.abouttimemovie.com.au,False,,
20130809,About Time World Premiere - London - 8th August 2013,Ar6FNUq-h9U,www.abouttimemovie.com.au,False,,
20130905,About Time - A House In Cornwall,j-rOXl4vHm0,www.abouttimemovie.com.au,False,,
20130807,About Time Trailer 2 - Official,aE0VhzTBz1s,www.abouttimemovie.com.au,False,,
20131004,About Time - The love story of Tim & Mary,NCiJd0IQu68,www.abouttimemovie.com.au,False,,
20130906,About Time - Like Father Like Son,a0bDvBxFI7w,www.abouttimemovie.com.au,False,,
20130905,About Time - A Very Personal Film,lDLz_2NJ9eQ,www.abouttimemovie.com.au,False,,
20130723,Last Vegas Extended Trailer - Official,Z-luZ6axPWU,www.lastvegas.com.au,True,LASTVEGAS PTY LTD,
20130517,Last Vegas Teaser Trailer - Official,z1Xi6iax7cM,www.lastvegas.com.au,True,LASTVEGAS PTY LTD,
20131223,47 Ronin - A Look Inside,OX1xS52t5Ng,www.47ronin.com.au,False,,
20140110,47 Ronin - Costume Design,823Uj0UpYdE,www.47ronin.com.au,False,,
20131112,47 RONIN Official International Trailer -- Legend [Universal Pictures] [HD],lFEolcPGrlo,www.47ronin.com.au,False,,
20130729,47 Ronin Official Trailer,SXcnp_EOceQ,www.47ronin.com.au,False,,
20140313,All Is Lost - The Story,gsbMxe5kXVY,www.allislostmovie.com.au,False,,
20130926,All Is Lost - Official Trailer,cS8SdT9P64o,www.allislostmovie.com.au,False,,
20131018,Endless Love Trailer A,QwAXs7T05tk,www.endlesslovemovie.com.au,False,,
20140121,Endless Love Official Trailer C,v2ua2tmTR4g,www.endlesslovemovie.com.au,False,,
20131202,Moshi Monsters The Movie - Official Trailer,E2HVcK6qYVA,www.moshimovie.com.au,False,,
20131219,Bad Neighbours Official Trailer,4zEUuzj3a2g,www.badneighboursmovie.com.au,True,UNIVERSAL PICTURES INTERNATIONAL AUSTRALASIA PTY LTD,
20140422,Bad Neighbours - Seth Rogen sings an Aussie classic,F8FKvhZLw9o,www.badneighboursmovie.com.au,True,UNIVERSAL PICTURES INTERNATIONAL AUSTRALASIA PTY LTD,
20140410,Bad Neighbours - Mac & Kelly meet their new neighbours,NdMOF_1Yu40,www.badneighboursmovie.com.au,True,UNIVERSAL PICTURES INTERNATIONAL AUSTRALASIA PTY LTD,
20140416,Bad Neighbours - A Look Inside *Red Band* Featurette,vsBNHR5tvPE,www.badneighboursmovie.com.au,True,UNIVERSAL PICTURES INTERNATIONAL AUSTRALASIA PTY LTD,
20140502,Bad Neighbours - Babies on Board,6_Z8Xdq6n0g,www.badneighboursmovie.com.au,True,UNIVERSAL PICTURES INTERNATIONAL AUSTRALASIA PTY LTD,
20140408,Bad Neighbours - Restricted Trailer,loSl6oJ7Gng,www.badneighboursmovie.com.au,True,UNIVERSAL PICTURES INTERNATIONAL AUSTRALASIA PTY LTD,
20140415,Bad Neighbours Commercial - In Cinemas May 8,h9TBUbszRVI,www.badneighboursmovie.com.au,True,UNIVERSAL PICTURES INTERNATIONAL AUSTRALASIA PTY LTD,
20140424,Bad Neighbours - Turn it up OR Keep it down?,kK-AwcQPYSw,www.badneighboursmovie.com.au,True,UNIVERSAL PICTURES INTERNATIONAL AUSTRALASIA PTY LTD,
20140130,A Million Ways To Die In The West - Restricted Trailer,KniKvVxaM1o,www.amillionways.com.au,False,,
20140520,A Million Ways To Die In The West - A Look Inside,TnNB6XolyVE,www.amillionways.com.au,False,,
20140501,A Million Ways to Die in The West - Green Band Trailer,Dwk4t-lgDek,www.amillionways.com.au,False,,
20140507,A Million Ways To Die In The West - Trailer 2,NCV5cIGcQBI,www.amillionways.com.au,False,,
20140304,Ride Along Australian Tour with Kevin Hart - Day 1,2rMOBxpbvII,www.ridealongmovie.com.au,True,UNIVERSAL PICTURES INTERNATIONAL AUSTRALASIA PTY LTD,
20140228,Ride Along - Kevin Hart Unhinged,iNGmy5LFjUk,www.ridealongmovie.com.au,True,UNIVERSAL PICTURES INTERNATIONAL AUSTRALASIA PTY LTD,
20140303,Ride Along - Tension On The Set,Nn1Yh1uSNRo,www.ridealongmovie.com.au,True,UNIVERSAL PICTURES INTERNATIONAL AUSTRALASIA PTY LTD,
20140305,Ride Along Australian Tour with Kevin Hart - Day 2,lL4Trj2umms,www.ridealongmovie.com.au,True,UNIVERSAL PICTURES INTERNATIONAL AUSTRALASIA PTY LTD,
20140307,Ride Along Australian Tour with Kevin Hart - Day 3,bHNrUDfPIho,www.ridealongmovie.com.au,True,UNIVERSAL PICTURES INTERNATIONAL AUSTRALASIA PTY LTD,
20140304,Ride Along - Starring Ice Cube & Kevin Hart,LLXiqZ9TH7Y,www.ridealongmovie.com.au,True,UNIVERSAL PICTURES INTERNATIONAL AUSTRALASIA PTY LTD,
20140313,Ride Along Australian Tour with Kevin Hart - Day 4,tuq2v58vytw,www.ridealongmovie.com.au,True,UNIVERSAL PICTURES INTERNATIONAL AUSTRALASIA PTY LTD,
20140703,Get On Up - A Look Inside,qqeDp4JzL8c,www.getonupmovie.com.au,False,,
20140318,Get On Up (2014) - Official Trailer (HD),WJn5b4D4NPY,www.getonupmovie.com.au,False,,
20140716,Get On Up (2014) - Trailer B - Official (HD),2M4JjXfxqpo,www.getonupmovie.com.au,False,,
20140321,Step Up All In - Official Trailer,2lNe9ztWS7g,www.stepupallinmovie.com.au,False,,
20140825,Step Up All In - Dance Battle,BRYEat768Hc,www.stepupallinmovie.com.au,False,,
20140606,Step Up All In - Trailer 2 (Official),Jgz4HA8MtS4,www.stepupallinmovie.com.au,False,,
20140825,Step Up All In - Boxing,OF1hWqzEHSM,www.stepupallinmovie.com.au,False,,
20140825,Step Up All In - Music Video,SpYSRWiaR_0,www.stepupallinmovie.com.au,False,,
20140330,Mrs Brown's Boys D'Movie - Official Trailer,gDMqCbQrPiE,www.mrsbrownsboysmovie.com.au,False,,
20140404,LUCY - Official Trailer,nNQqZumn-gU,www.lucymovie.com.au,True,Search Marketing Group Pty Ltd,
20140425,Boyhood - Official Trailer,b70esOwsOf4,www.boyhoodmovie.com.au,False,,
20140611,The Boxtrolls - International Trailer (Official),uHfkJMILG4U,www.theboxtrolls.com.au,False,,
20150105,Dumb & Dumber To - A Look Inside,5n2MMGlaYYI,www.dumbanddumberto.com.au,False,,
20140612,Dumb and Dumber To - Official Trailer,vZDvLdppypg,www.dumbanddumberto.com.au,False,,
20140904,Dracula Untold (2014) - Official Trailer 2 (HD),ezilb1IZP1g,www.draculauntold.com.au,False,,
20140628,Dracula Untold - Official Trailer,Uguvv8pEhVM,www.draculauntold.com.au,False,,
20141003,Dracula Untold - Luke Evans prepares for battle,ByZi9TW_f7A,www.draculauntold.com.au,False,,
20140918,Dracula Untold (2014) - Extended TV Spot,F2GD7BD8Yqg,www.draculauntold.com.au,False,,
20141003,Dracula Untold - A Look Inside,dpvc1mPJ4Zo,www.draculauntold.com.au,False,,
20141119,"The World Premiere Of Unbroken - Sydney - November 17, 2014",qdyA0hT_zi0,www.unbrokenmovie.com.au,True,MR MOVIES,
20150116,Unbroken - A Look Inside Featurette,4PFgwdBKWuI,www.unbrokenmovie.com.au,True,MR MOVIES,
20141016,Unbroken (2015) - Official Trailer 2 (HD) Universal Pictures,2j-ju5k2sdw,www.unbrokenmovie.com.au,True,MR MOVIES,
20140710,Unbroken (2014) - Official Trailer (HD) Universal Pictures,PhltBOoNrIQ,www.unbrokenmovie.com.au,True,MR MOVIES,
20141019,Clip: You Don't Know What's Coming - The Theory Of Everything (2015) Universal Pictures,x0sJ0wbHDDo,www.thetheoryofeverythingmovie.com.au,False,,
20141019,What is The Theory of Everything Featurette - The Theory Of Everything (2015) Universal Pictures,v-sOklu8rhg,www.thetheoryofeverythingmovie.com.au,False,,
20141002,The Theory Of Everything (2015) - Trailer B (Official) - Universal Pictures,vgjSG3rppBs,www.thetheoryofeverythingmovie.com.au,False,,
20140806,The Theory Of Everything - Official Trailer (2015) Universal Pictures (HD),Vm7qApKLY7M,www.thetheoryofeverythingmovie.com.au,False,,
20140827,Trash (2014) - Official Trailer (HD),XbIJ7Try8kE,www.trashmovie.com.au,False,,
20150306,Fast and Furious 7 (2015) - CLIP: Plane Drop,rEy1eaFnW-o,www.fastandfurious7.com.au,False,,
20150324,Fast and Furious 7 (2015) Abu Dhabi,X4H011rv5og,www.fastandfurious7.com.au,False,,
20141101,The Road To Fast & Furious 7: Family,4o11w5YQHH4,www.fastandfurious7.com.au,False,,
20141027,The Road To Fast & Furious 7: The Cars,YKrpTDmoDwI,www.fastandfurious7.com.au,False,,
20141028,The Road To Fast & Furious 7: Locations,aZvO-M6JRMI,www.fastandfurious7.com.au,False,,
20150326,Fast and Furious 7 (2015) Letty Fight,Sgxkyqtljt8,www.fastandfurious7.com.au,False,,
20150331,Fast and Furious 7 (2015) Race Wars,HWKbbbS6_KI,www.fastandfurious7.com.au,False,,
20141028,The Road To Fast & Furious 7: Vin Diesel's Favourite Filming Locations,dRy-N7v6wCk,www.fastandfurious7.com.au,False,,
20150323,Fast and Furious 7 (2015) A Look Inside,zTb4hlFsbHU,www.fastandfurious7.com.au,False,,
20141031,The Road To Fast & Furious 7: Stunts,m7CV2BgY_hc,www.fastandfurious7.com.au,False,,
20141030,The Road To Fast & Furious 7: Fights,jkvcPRLguOE,www.fastandfurious7.com.au,False,,
20150202,Fast & Furious 7 (2015) - Big Game Spot,2huuFD2auSM,www.fastandfurious7.com.au,False,,
20141026,Fast & Furious - The Road To Fast & Furious 7,MOKsGmEmGMI,www.fastandfurious7.com.au,False,,
20150326,Fast and Furious 7 (2015) The Lykan,k2gEAqOtH_A,www.fastandfurious7.com.au,False,,
20150319,Fast & Furious 7 (2015) Meet The New Cast,ESzWfTuzKXA,www.fastandfurious7.com.au,False,,
20150205,Fast & Furious 7 (2015) Trailer B (Official),9WvPPNIRRis,www.fastandfurious7.com.au,False,,
20141102,Fast & Furious 7 (2015) Official Trailer (HD) Universal Pictures,NoXdfvT5JkQ,www.fastandfurious7.com.au,False,,
20141029,The Road To Fast & Furious 7: Cast Favourites: Fights,B6oMiBb2te0,www.fastandfurious7.com.au,False,,
20150316,Fast and Furious 7 - C-130 Drop,-LzmnGd_gKI,www.fastandfurious7.com.au,False,,
20150319,Fast & Furious 7 (2015) The Toretto Home,b9_egrxX1TM,www.fastandfurious7.com.au,False,,
20141118,Seventh Son (2015) Official Trailer (HD) Universal Pictures,e4xNLuDvW2I,www.seventhson-movie.com.au,False,,
20150414,Jurassic World (2015) CLIP: Claire and Owen,IATYXhuBjTA,www.jurassicworld.com.au,True,UNIVERSAL PICTURES INTERNATIONAL AUSTRALASIA PTY LTD,
20150420,Jurassic World (2015) Global trailer 2 (HD) Universal Pictures,71izBx-Ixws,www.jurassicworld.com.au,True,UNIVERSAL PICTURES INTERNATIONAL AUSTRALASIA PTY LTD,
20141124,Jurassic World (2015) Official Teaser (HD),Gtb8uKzFJLU,www.jurassicworld.com.au,True,UNIVERSAL PICTURES INTERNATIONAL AUSTRALASIA PTY LTD,
20150601,Jurassic World (2015) CLIP: Owen Rescues Worker from Raptors,4odNrC6YaF4,www.jurassicworld.com.au,True,UNIVERSAL PICTURES INTERNATIONAL AUSTRALASIA PTY LTD,
20150504,Jurassic World (2015) Welcome To Jurassic World,7jGtpsNbmZE,www.jurassicworld.com.au,True,UNIVERSAL PICTURES INTERNATIONAL AUSTRALASIA PTY LTD,
20150428,Jurassic World (2015) CLIP: Owen Escapes The Indominus Rex Paddock,dBMj38bICG4,www.jurassicworld.com.au,True,UNIVERSAL PICTURES INTERNATIONAL AUSTRALASIA PTY LTD,
20141125,JURASSIC WORLD (2015) Official Trailer (HD) Universal Pictures,pn3XuARdb2o,www.jurassicworld.com.au,True,UNIVERSAL PICTURES INTERNATIONAL AUSTRALASIA PTY LTD,
20150202,Jurassic World (2015) Big Game Spot,2AwxzGiTZ1M,www.jurassicworld.com.au,True,UNIVERSAL PICTURES INTERNATIONAL AUSTRALASIA PTY LTD,
20150526,Jurassic World (2015) A Look Inside,_1XxGuEpdpg,www.jurassicworld.com.au,True,UNIVERSAL PICTURES INTERNATIONAL AUSTRALASIA PTY LTD,
20150527,Jurassic World (2015) Extended TV Spot (HD) Universal Pictures,brcVHQzgIyA,www.jurassicworld.com.au,True,UNIVERSAL PICTURES INTERNATIONAL AUSTRALASIA PTY LTD,
20150427,Ted 2 (2015) Global Trailer 2 (Universal Pictures) [HD],CDWq_YFHc9o,www.ted2themovie.com.au,False,,
20150129,Ted 2 (2015) - Official Trailer (HD),ZFJAtbk6NKM,www.ted2themovie.com.au,False,,
20150618,Ted 2 (2015) 'Thunder' Trailer (HD) Universal Pictures,OJT_hMxoN6w,www.ted2themovie.com.au,False,,
20150602,Ted 2: Red Band #2 (Universal Pictures) [HD],rcXziviF3Fc,www.ted2themovie.com.au,False,,
20150511,Ted 2 (2015) CLIP: We Could Totally Be Lawyers,mkttKWQezhA,www.ted2themovie.com.au,False,,
20150203,Minions (2015) Official Trailer 2 (Universal Pictures) [HD],s8b4c4yovwI,www.minionsmovie.com.au,True,UNIVERSAL PICTURES INTERNATIONAL AUSTRALASIA PTY LTD,
20150818,Straight Outta Compton (2015) Filming In LA (Universal Pictures),bWOaVyYvIZg,www.straightouttacompton.com.au,False,,
20150813,Straight Outta Compton (2015) Family Legacy (Universal Pictures),4wkkrE3SvFI,www.straightouttacompton.com.au,False,,
20150812,Straight Outta Compton - Extended Look Trailer,apfalV7XLyw,www.straightouttacompton.com.au,False,,
20150813,Straight Outta Compton (2015) A Look Inside (Universal Pictures),GfwDc4te1VU,www.straightouttacompton.com.au,False,,
20150210,Straight Outta Compton (2015) Red Band Trailer (HD),ca7vSODICu8,www.straightouttacompton.com.au,False,,
20150401,Straight Outta Compton (2015) Official Global Trailer (Universal Pictures)  [HD],sfldhQgUVl0,www.straightouttacompton.com.au,False,,
20150713,Trainwreck (2015) S'NUFF Magazine (Universal Pictures),MGerXNyoVEo,www.trainwreckmovie.com.au,False,,
20150713,Trainwreck (2015) A Look Inside (Universal Pictures),pir7zFYziqg,www.trainwreckmovie.com.au,False,,
20150211,Trainwreck (2015) Official Trailer (Universal Pictures) [HD],eMKfPu-JelM,www.trainwreckmovie.com.au,False,,
20150727,Trainwreck (2015) LeBron James (Universal Pictures),w7J2VQfXYgU,www.trainwreckmovie.com.au,False,,
20150505,Trainwreck (2015) Clip: Aaron Calls Amy To Ask Her Out,t6L7DgrU8sE,www.trainwreckmovie.com.au,False,,
20150727,Trainwreck (2015) John Cena (Universal Pictures),YuU6Sqo48G0,www.trainwreckmovie.com.au,False,,
20150713,Trainwreck (2015) Trailer Ci (Universal Pictures),_5Qpl75CTCo,www.trainwreckmovie.com.au,False,,
20150624,Trainwreck (2015) Official Trailer & Aussie Tour Announcement,2kPdL9DceTc,www.trainwreckmovie.com.au,False,,
20151001,Crimson Peak (2015) Featurette: Visit Crimson Peak (Universal Pictures),OSpxxr2spNU,www.crimsonpeakmovie.com.au,False,,
20150216,Crimson Peak (2015) Teaser Trailer (Universal Pictures),9O5IAFOlO_k,www.crimsonpeakmovie.com.au,False,,
20151021,Crimson Peak (2015) Featurette: Men Of Crimson Peak (Universal Pictures),U7jZsksq5hc,www.crimsonpeakmovie.com.au,False,,
20151021,Crimson Peak (2015) Featurette: Gothic Love (Universal Pictures),41d8R8CI1ww,www.crimsonpeakmovie.com.au,False,,
20151021,Crimson Peak (2015) Featurette: Two Worlds (Universal Pictures),o_q57wPvJds,www.crimsonpeakmovie.com.au,False,,
20151001,Crimson Peak (2015) Featurette: I Remember Red Clay Mines (Universal Pictures),CCVFD0rJMmU,www.crimsonpeakmovie.com.au,False,,
20151021,Crimson Peak (2015) Featurette: Costumes (Universal Pictures),zfR3JYGsOMc,www.crimsonpeakmovie.com.au,False,,
20150513,Crimson Peak (2015) International Trailer (HD) Universal Pictures,aWN-cSHzxb8,www.crimsonpeakmovie.com.au,False,,
20151007,Crimson Peak (2015) Featurette: Allerdale Hall (Universal Pictures),IpisANBAvI0,www.crimsonpeakmovie.com.au,False,,
20151001,Crimson Peak (2015) Featurette: I Remember Ghosts (Universal Pictures),vvzeND1ppE8,www.crimsonpeakmovie.com.au,False,,
20151009,Crimson Peak (2015) Featurette: I Remember Limbo Fog (Universal Pictures),GcX8aaPFsv0,www.crimsonpeakmovie.com.au,False,,
20151009,Crimson Peak (2015) Featurette: I Remember Secrets (Universal Pictures),Vjk8VT5fokk,www.crimsonpeakmovie.com.au,False,,
20150911,The Visit (2015) Night ReVisited (Universal Pictures),kqaSrDkjyh4,www.thevisitmovie.com.au,False,,
20150423,The Visit (2015) International Trailer 1 (HD) Universal Pictures,oUmYRfjfL7k,www.thevisitmovie.com.au,False,,
20150512,Jem and the Holograms (2015) Trailer 1 (HD) Universal Pictures,mfa9t-TeeVU,www.jemandtheholograms.com.au,False,,
20150617,The Secret Life of Pets (2016) Trailer 1 (HD) Universal Pictures,nkD-9MbG0yM,www.thesecretlifeofpets.com.au,True,UNIVERSAL PICTURES INTERNATIONAL AUSTRALASIA PTY LTD,
20160114,The Secret Life of Pets (2016) Snowball Trailer (HD) Universal Pictures,n0XsqJHHKFw,www.thesecretlifeofpets.com.au,True,UNIVERSAL PICTURES INTERNATIONAL AUSTRALASIA PTY LTD,
20160829,The Secret Life of Pets (2016) Meet Duke (Universal Pictures),aHOnq6n3KT0,www.thesecretlifeofpets.com.au,True,UNIVERSAL PICTURES INTERNATIONAL AUSTRALASIA PTY LTD,
20160829,The Secret Life of Pets (2016) Meet Snowball (Universal Pictures),9Gv-mY6JFKo,www.thesecretlifeofpets.com.au,True,UNIVERSAL PICTURES INTERNATIONAL AUSTRALASIA PTY LTD,
20160829,The Secret Life of Pets (2016) A Look Inside (Universal Pictures),kbgzDn_9tBM,www.thesecretlifeofpets.com.au,True,UNIVERSAL PICTURES INTERNATIONAL AUSTRALASIA PTY LTD,
20151123,The Secret Life of Pets (2016) Happy Holidays (Universal Pictures),EJ5KSsl1HCc,www.thesecretlifeofpets.com.au,True,UNIVERSAL PICTURES INTERNATIONAL AUSTRALASIA PTY LTD,
20160128,The Secret Life of Pets (2016) Trailer 4 (Universal Pictures),KKANppCOeTY,www.thesecretlifeofpets.com.au,True,UNIVERSAL PICTURES INTERNATIONAL AUSTRALASIA PTY LTD,
20151214,Sisters (2016) Triple Threat Featurette (Universal Pictures),vJLJX_hzUs0,www.sistersfilm.com.au,False,,
20151214,Sisters (2016) A Look Inside Featurette (Universal Pictures),3XUkbNoC9Po,www.sistersfilm.com.au,False,,
20151214,Sisters (2016) The Alt Vault Featurette (Universal Pictures),kUVMAXPvGew,www.sistersfilm.com.au,False,,
20150715,Sisters (2016) Global Trailer (Universal Pictures),r45iUDGfX2Y,www.sistersfilm.com.au,False,,
20151216,Sisters (2016) Original Sisters Featurette (Universal Pictures),NwBCa6mVMbk,www.sistersfilm.com.au,False,,
20160106,Ride Along 2 - Australian Tour Announcement,oYLKxOVBnGo,www.ridealong2.com.au,True,UNIVERSAL PICTURES INTERNATIONAL AUSTRALASIA PTY LTD,
20160121,Ride Along 2 (2016) Ride Along With Kevin And Cube (Universal Pictures),lYIKsiqWScM,www.ridealong2.com.au,True,UNIVERSAL PICTURES INTERNATIONAL AUSTRALASIA PTY LTD,
20160121,Ride Along 2 (2016) Total Badass Olivia Munn (Universal Pictures),O30TkwyU-i4,www.ridealong2.com.au,True,UNIVERSAL PICTURES INTERNATIONAL AUSTRALASIA PTY LTD,
20160121,Ride Along 2 (2016) The Kingpin Benjamin Bratt (Universal Pictures),WzoL8C5Rpmo,www.ridealong2.com.au,True,UNIVERSAL PICTURES INTERNATIONAL AUSTRALASIA PTY LTD,
20151201,Ride Along 2 (2016) Trailer 2 (Universal Pictures),1jDQNPBZQ00,www.ridealong2.com.au,True,UNIVERSAL PICTURES INTERNATIONAL AUSTRALASIA PTY LTD,
20160121,Ride Along 2 (2016) Kevin Hart Does Stunts (Universal Pictures),eI0IPcR4rNA,www.ridealong2.com.au,True,UNIVERSAL PICTURES INTERNATIONAL AUSTRALASIA PTY LTD,
20160121,Ride Along 2 (2016) Unleashed Madness Ken Jeong (Universal Pictures),NUBa0HdaHS4,www.ridealong2.com.au,True,UNIVERSAL PICTURES INTERNATIONAL AUSTRALASIA PTY LTD,
20150813,Ride Along 2 (2016) Global Trailer (Universal Pictures),diMGjCSpQiA,www.ridealong2.com.au,True,UNIVERSAL PICTURES INTERNATIONAL AUSTRALASIA PTY LTD,
20160121,Ride Along 2 (2016) A Look Inside (Universal Pictures),LLD9PdNNVbU,www.ridealong2.com.au,True,UNIVERSAL PICTURES INTERNATIONAL AUSTRALASIA PTY LTD,
20150901,The Danish Girl (2015) Global Trailer (Universal Pictures),kl4YYLgI8LI,www.thedanishgirl.com.au,False,,
20160106,The Danish Girl (2016) Copenhagen Featurette (Universal Pictures),3oIE_U1WhQo,www.thedanishgirl.com.au,False,,
20151203,The Danish Girl (2016) Who Is The Danish Girl Featurette (Universal Pictures),BW-e8nGTS_s,www.thedanishgirl.com.au,False,,
20160106,The Danish Girl (2016) Pixie Featurette (Universal Pictures),ilky9Psfl3k,www.thedanishgirl.com.au,False,,
20151203,The Danish Girl (2016) Tom Hooper Featurette (Universal Pictures),RGR9FOqiPJc,www.thedanishgirl.com.au,False,,
20160106,The Danish Girl (2016) Eddie Redmayne Featurette (Universal Pictures),B-uypwfujjo,www.thedanishgirl.com.au,False,,
20160106,The Danish Girl (2016) Alicia Vikander Featurette (Universal Pictures),d8XPOvEPRq4,www.thedanishgirl.com.au,False,,
20160324,My Big Fat Greek Wedding 2 (2016) The New Big Fat Story (Universal Pictures),GJx5DbAe4Sw,www.mybigfatgreekwedding2.com.au,False,,
20160310,My Big Fat Greek Wedding 2 - Sydney Premiere,eZziyzQIwq4,www.mybigfatgreekwedding2.com.au,False,,
20151111,My Big Fat Greek Wedding 2: Trailer 1 (Universal Pictures),i-Lx01rR3cs,www.mybigfatgreekwedding2.com.au,False,,
20160119,Bad Neighbours 2 (2016) International trailer (Universal Pictures),Xr2aw1WMNCk,www.badneighbours2.com.au,True,UNIVERSAL PICTURES INTERNATIONAL AUSTRALASIA PTY LTD,
20160412,Bad Neighbours 2 (2016) US Red Band Trailer (Universal Pictures),zlyVVQxuuzI,www.badneighbours2.com.au,True,UNIVERSAL PICTURES INTERNATIONAL AUSTRALASIA PTY LTD,
20160509,Bad Neighbours 2 (2016) A Look Inside (Universal Pictures),jAhrLfJEmC8,www.badneighbours2.com.au,True,UNIVERSAL PICTURES INTERNATIONAL AUSTRALASIA PTY LTD,
20160407,Bad Neighbours 2 (2016) International Red Band Trailer (Universal Pictures),ICQ6TQJxRbI,www.badneighbours2.com.au,True,UNIVERSAL PICTURES INTERNATIONAL AUSTRALASIA PTY LTD,
20160311,Bad Neighbours 2 (2016) International Trailer (Universal Pictures Australia),mAmVz7kUVWQ,www.badneighbours2.com.au,True,UNIVERSAL PICTURES INTERNATIONAL AUSTRALASIA PTY LTD,
20160218,"Hail, Caesar! (2016) Beloved Starlet (Universal Pictures)",bQ_zePfS9EM,www.hailcaesar.com.au,True,NBCUNIVERSAL INTERNATIONAL NETWORKS AUSTRALIA PTY LTD,
20160218,"Hail, Caesar! (2016) Gossip Columnists (Universal Pictures)",Zuc7l6GmzZE,www.hailcaesar.com.au,True,NBCUNIVERSAL INTERNATIONAL NETWORKS AUSTRALIA PTY LTD,
20160203,"Hail, Caesar! (2016) A Look Inside (Universal Pictures)",ZoAIGHFdo4o,www.hailcaesar.com.au,True,NBCUNIVERSAL INTERNATIONAL NETWORKS AUSTRALIA PTY LTD,
20160203,"Hail, Caesar! (2016) Song And Dance Man (Universal Pictures)",GD2hWn_Ei68,www.hailcaesar.com.au,True,NBCUNIVERSAL INTERNATIONAL NETWORKS AUSTRALIA PTY LTD,
20160203,"Hail, Caesar! (2016) Studio Head Featurette (Universal Pictures)",9Ye8GKckWX4,www.hailcaesar.com.au,True,NBCUNIVERSAL INTERNATIONAL NETWORKS AUSTRALIA PTY LTD,
20160218,"Hail, Caesar! (2016) The Director (Universal Pictures)",VjMqqTE9RlQ,www.hailcaesar.com.au,True,NBCUNIVERSAL INTERNATIONAL NETWORKS AUSTRALIA PTY LTD,
20160203,"Hail, Caesar! (2016) The Movie Star (Universal Pictures)",4lLXWXkzL9Q,www.hailcaesar.com.au,True,NBCUNIVERSAL INTERNATIONAL NETWORKS AUSTRALIA PTY LTD,
20160509,Jason Bourne is Back  (Universal Pictures) [HD],uXTnaF0H9hw,www.jasonbournemovie.com.au,True,NBCUNIVERSAL INTERNATIONAL NETWORKS AUSTRALIA PTY LTD,
20160615,Jason Bourne (2016) Exclusive Preview (Universal Pictures) [HD],estYKRlmKEI,www.jasonbournemovie.com.au,True,NBCUNIVERSAL INTERNATIONAL NETWORKS AUSTRALIA PTY LTD,
20160421,Jason Bourne (2016) Trailer 1 (Universal Pictures) [HD],LuK4AiiB1Vk,www.jasonbournemovie.com.au,True,NBCUNIVERSAL INTERNATIONAL NETWORKS AUSTRALIA PTY LTD,
20160705,Jason Bourne (2016) Australian Premiere - July 3 2016 (Universal Pictures),NkhaOb7TLr4,www.jasonbournemovie.com.au,True,NBCUNIVERSAL INTERNATIONAL NETWORKS AUSTRALIA PTY LTD,
20160208,Jason Bourne (2016) First Look (Universal Pictures) [HD],9ddgzK0R8iI,www.jasonbournemovie.com.au,True,NBCUNIVERSAL INTERNATIONAL NETWORKS AUSTRALIA PTY LTD,
20160404,The Huntsman (2016) A Look Inside (Universal Pictures),rVc3XOimBh0,www.thehuntsmanmovie.com.au,True,UNIVERSAL PICTURES INTERNATIONAL AUSTRALASIA PTY LTD,
20160324,The Huntsman Winter’s War (2016) Official Trailer 3 (Universal Pictures),kGhKnoMZfm8,www.thehuntsmanmovie.com.au,True,UNIVERSAL PICTURES INTERNATIONAL AUSTRALASIA PTY LTD,
20160211,The Huntsman Winter’s War (2016) Official Trailer 2 (Universal Pictures),aYLtyLucsr0,www.thehuntsmanmovie.com.au,True,UNIVERSAL PICTURES INTERNATIONAL AUSTRALASIA PTY LTD,
20160404,The Huntsman (2016) Kingdoms (Universal Pictures),MPVFfaPiBIQ,www.thehuntsmanmovie.com.au,True,UNIVERSAL PICTURES INTERNATIONAL AUSTRALASIA PTY LTD,
20160215,Sing (2016) Trailer 1 (Universal Pictures) [HD],7m6G9_ZTPuo,www.singmovie.com.au,True,NBCUNIVERSAL INTERNATIONAL NETWORKS AUSTRALIA PTY LTD,
20161102,Sing (2016) Official Trailer 3 (Universal Pictures) HD,DeiZ7N3Jmc0,www.singmovie.com.au,True,NBCUNIVERSAL INTERNATIONAL NETWORKS AUSTRALIA PTY LTD,
20211104,SING 2 – Official Trailer (Universal Pictures) HD,AQbLtdA1fn8,www.singmovie.com.au,True,NBCUNIVERSAL INTERNATIONAL NETWORKS AUSTRALIA PTY LTD,
20160524,SING (2016) Trailer 2 (Universal Pictures),cOb8WrZ0TcQ,www.singmovie.com.au,True,NBCUNIVERSAL INTERNATIONAL NETWORKS AUSTRALIA PTY LTD,
20210624,SING 2 – Official Trailer (Universal Pictures) HD,RhCHMYpse24,www.singmovie.com.au,True,NBCUNIVERSAL INTERNATIONAL NETWORKS AUSTRALIA PTY LTD,
20160310,Kubo and the Two Strings (2016) Official Trailer (Universal Pictures) [HD],7w-pnrC81Sg,www.kubothemovie.com.au,True,NBCUNIVERSAL INTERNATIONAL NETWORKS AUSTRALIA PTY LTD,
20160502,Kubo and The Two Strings (2016) Trailer 3 (Universal Pictures),8BJWU2oRMzE,www.kubothemovie.com.au,True,NBCUNIVERSAL INTERNATIONAL NETWORKS AUSTRALIA PTY LTD,
20160316,Central Intelligence (2016) Trailer 2 (Universal Pictures),oBLCDnNdzWc,www.centralintelligencemovie.com.au,True,NBCUNIVERSAL INTERNATIONAL NETWORKS AUSTRALIA PTY LTD,
20160323,BRIDGET JONES'S BABY: Official Trailer (Universal Pictures) [HD],0wUR_FPp2pc,www.bridgetjonesbaby.com.au,True,NBCUNIVERSAL INTERNATIONAL NETWORKS AUSTRALIA PTY LTD,
20160901,Bridget Jones’s Baby (2016) A Look Inside (Universal Pictures),N8m9HQH0tRE,www.bridgetjonesbaby.com.au,True,NBCUNIVERSAL INTERNATIONAL NETWORKS AUSTRALIA PTY LTD,
20160628,Bridget Jones’s Baby (2016) Trailer 2 (Universal Pictures),dBvEYsSIC-8,www.bridgetjonesbaby.com.au,True,NBCUNIVERSAL INTERNATIONAL NETWORKS AUSTRALIA PTY LTD,
20161006,Ouija: Origin of Evil (2016) 360 VR Experience (Universal Pictures),YUmiOBx_VG0,www.ouijamovie.com.au,False,,
20160909,Ouija: Origin of Evil Trailer 2 (Universal Pictures),5AfzEFFII_U,www.ouijamovie.com.au,False,,
20160623,Ouija: Origin of Evil Trailer 1 (Universal Pictures),lakKP-Rz6aI,www.ouijamovie.com.au,False,,
20161003,Ouija: Origin of Evil (2016) Spirit (Universal Pictures) HD,kbP1Hy-Y5QM,www.ouijamovie.com.au,False,,
20160912,Manchester by the Sea (2017) Trailer 1 (Universal Pictures),ffsUHcF8IYc,www.manchesterbythesea.com.au,False,,
20160913,Fifty Shades Darker Trailer 1 (Universal Pictures) HD,LlQyC3F34vA,www.fiftyshadesmovie.com,True,,
20160913,Fifty Shades Darker (2017) Teaser (Universal Pictures),_jWoj2S34Ko,fiftyshadesmovie.com.au,True,NBCUNIVERSAL INTERNATIONAL NETWORKS AUSTRALIA PTY LTD,
20161207,Fifty Shades Darker (2017) Trailer 2 (Universal Pictures) HD,nkiaXtO-vNc,www.fiftyshadesmovie.com,True,,
20161205,The Mummy (2017) Trailer 1 (Universal Pictures) HD,Ov4WpHzhJMQ,www.themummymovie.com.au,True,UNIVERSAL PICTURES INTERNATIONAL AUSTRALASIA PTY LTD,
20170523,The Mummy (2017) A Look Inside (Universal Pictures),cUtm0sVHwIQ,www.themummymovie.com.au,True,UNIVERSAL PICTURES INTERNATIONAL AUSTRALASIA PTY LTD,
20170402,The Mummy (2017) Trailer 2 (Universal Pictures) HD,oy7vAhNAKPM,www.themummymovie.com.au,True,UNIVERSAL PICTURES INTERNATIONAL AUSTRALASIA PTY LTD,
20170515,The Mummy (2017) Real Action (Universal Pictures),r93hv4mU90E,www.themummymovie.com.au,True,UNIVERSAL PICTURES INTERNATIONAL AUSTRALASIA PTY LTD,
20170605,The Mummy (2017) A Global Adventure (Universal Pictures),1PF7UEwVIdA,www.themummymovie.com.au,True,UNIVERSAL PICTURES INTERNATIONAL AUSTRALASIA PTY LTD,
20170605,The Mummy (2017) Monsters Inside Us (Universal Pictures),e17WEWrMIHo,www.themummymovie.com.au,True,UNIVERSAL PICTURES INTERNATIONAL AUSTRALASIA PTY LTD,
20170523,The Mummy (2017) Prodigium Revealed (Universal Pictures),26K8OMjlYOY,www.themummymovie.com.au,True,UNIVERSAL PICTURES INTERNATIONAL AUSTRALASIA PTY LTD,
20170206,Fifty Shades Darker: The Masquerade Ball A Cinematic VR Experience (Universal Pictures) HD,Pp_UMDinCFo,www.fiftyshadesmovie.com.au,True,NBCUNIVERSAL INTERNATIONAL NETWORKS AUSTRALIA PTY LTD,
20161207,Fifty Shades Darker (2017) Trailer 2 (Universal Pictures) HD,nkiaXtO-vNc,www.fiftyshadesmovie.com.au,True,NBCUNIVERSAL INTERNATIONAL NETWORKS AUSTRALIA PTY LTD,
20170307,Get Out (2017) Walter (Universal Pictures) HD,6QpcmPysLiA,www.getoutmovie.com.au,True,NBCUNIVERSAL INTERNATIONAL NETWORKS AUSTRALIA PTY LTD,
20170220,Get Out (2017) Official Trailer 1 (Universal Pictures) HD,AHEl7Pji0f8,www.getoutmovie.com.au,True,NBCUNIVERSAL INTERNATIONAL NETWORKS AUSTRALIA PTY LTD,
20170307,Get Out (2017) Georgina (Universal Pictures) HD,Hi2sXjMDDN8,www.getoutmovie.com.au,True,NBCUNIVERSAL INTERNATIONAL NETWORKS AUSTRALIA PTY LTD,
20170307,Get Out (2017) A Look Inside (Universal Pictures) HD,cnQ11eAToa0,www.getoutmovie.com.au,True,NBCUNIVERSAL INTERNATIONAL NETWORKS AUSTRALIA PTY LTD,
20170307,Get Out (2017) Meet the Armitages (Universal Pictures) HD,DZMyGkvgXCM,www.getoutmovie.com.au,True,NBCUNIVERSAL INTERNATIONAL NETWORKS AUSTRALIA PTY LTD,
20171220,Pitch Perfect 3 (2018) The Final Performance (Universal Pictures),ChZFmkcBxYY,www.pitchperfect3.com.au,True,NBCUNIVERSAL INTERNATIONAL NETWORKS AUSTRALIA PTY LTD,
20171215,Pitch Perfect 3 (2018) Best of Fat Amy (Universal Pictures ),AQB0eFwThHs,www.pitchperfect3.com.au,True,NBCUNIVERSAL INTERNATIONAL NETWORKS AUSTRALIA PTY LTD,
20171218,Pitch Perfect 3 (2018) The Riff Off (Universal Pictures),fv2gpzNheWk,www.pitchperfect3.com.au,True,NBCUNIVERSAL INTERNATIONAL NETWORKS AUSTRALIA PTY LTD,
20170925,Pitch Perfect 3 - Official Trailer 2 (Universal Pictures) HD,Bo9k5YVU_Xo,www.pitchperfect3.com.au,True,NBCUNIVERSAL INTERNATIONAL NETWORKS AUSTRALIA PTY LTD,
20171218,Pitch Perfect 3 (2018) A Look Inside (Universal Pictures),Vxl6WQzN0QY,www.pitchperfect3.com.au,True,NBCUNIVERSAL INTERNATIONAL NETWORKS AUSTRALIA PTY LTD,
20171218,Pitch Perfect 3 (2018) USO Tour (Universal Pictures),FN3Sr2btwro,www.pitchperfect3.com.au,True,NBCUNIVERSAL INTERNATIONAL NETWORKS AUSTRALIA PTY LTD,
20181005,MORTAL ENGINES (2018) Official Trailer (Universal Pictures) HD,s2qFAWaFlVU,www.mortalengines.com.au,True,NBCUNIVERSAL INTERNATIONAL NETWORKS AUSTRALIA PTY LTD,
20190513,Are you Team Cat? Vote Now!,GKplE7pC3wA,www.thegreatpetdebate.com.au,False,,
20190513,Are you Team Cat? Vote Now!,GKplE7pC3wA,www.petrescue.com.au,True,PETRESCUE LTD,
20190513,The Secret Life of Pets 2 - In Cinemas June 20,Ke-OSm4yspg,www.thegreatpetdebate.com.au,False,,
20190513,The Secret Life of Pets 2 - In Cinemas June 20,Ke-OSm4yspg,www.petrescue.com.au,True,PETRESCUE LTD,
20190513,Are you Team Dog or Team Cat? Vote Now!,NSJc-79PIWc,www.thegreatpetdebate.com.au,False,,
20190513,Are you Team Dog or Team Cat? Vote Now!,NSJc-79PIWc,www.petrescue.com.au,True,PETRESCUE LTD,
20190513,Are you Team Dog? Vote Now!,m4_rHGBWDSI,www.thegreatpetdebate.com.au,False,,
20190513,Are you Team Dog? Vote Now!,m4_rHGBWDSI,www.petrescue.com.au,True,PETRESCUE LTD,
20190521,Downton Abbey (2019) Official Trailer HD,GbV8LpEzYgQ,www.downtonabbeymovie.com.au,True,NBCUNIVERSAL INTERNATIONAL NETWORKS AUSTRALIA PTY LTD,
20220315,Downton Abbey: The Official Podcast,0PU9GTOjMbw,www.downtonabbeymovie.com.au,True,NBCUNIVERSAL INTERNATIONAL NETWORKS AUSTRALIA PTY LTD,
20220215,Downton Abbey: A New Era - Official Trailer - Only in Cinemas April 28,fHgQjncNd5A,www.downtonabbeymovie.com.au,True,NBCUNIVERSAL INTERNATIONAL NETWORKS AUSTRALIA PTY LTD,
20190523,Abominable (2019) Official Trailer (Universal Pictures) HD,OF5mVdYNutI,www.abominablemovie.com.au,True,NBCUNIVERSAL INTERNATIONAL NETWORKS AUSTRALIA PTY LTD,
20190628,Fast & Furious: Hobbs and Shaw (2019) Trailer 3 (Universal Pictures),h-4Y_v4sBv8,www.hobbsandshaw.com.au,True,NBCUNIVERSAL INTERNATIONAL NETWORKS AUSTRALIA PTY LTD,
20190717,Cats – A Look Inside,UkrPivbYvSM,catsthemovie.com.au,True,NBCUNIVERSAL INTERNATIONAL NETWORKS AUSTRALIA PTY LTD,
20191119,Cats | Official Trailer (Universal Pictures) HD | In Cinemas Boxing Day,NtyhXCsjcUU,www.catsmovie.com.au,True,NBCUNIVERSAL INTERNATIONAL NETWORKS AUSTRALIA PTY LTD,
20190718,Cats (2019) Official Trailer (Universal Pictures) HD,Pv-n0ZZHbSY,www.catsmovie.com.au,True,NBCUNIVERSAL INTERNATIONAL NETWORKS AUSTRALIA PTY LTD,
20191025,CATS (2019) Behind the Scenes (Universal Pictures),OaHYFODrnjw,www.catsmovie.com.au,True,NBCUNIVERSAL INTERNATIONAL NETWORKS AUSTRALIA PTY LTD,
20190807,The Addams Family - Official Trailer (Universal Pictures) HD,eFnn4fNsB64,www.theaddamsfamily.com.au,True,NBCUNIVERSAL INTERNATIONAL NETWORKS AUSTRALIA PTY LTD,
20210907,THE ADDAMS FAMILY 2 – Official International Trailer (Universal Pictures) HD,U16UDKS_FNk,www.theaddamsfamily.com.au,True,NBCUNIVERSAL INTERNATIONAL NETWORKS AUSTRALIA PTY LTD,
20190906,Black Christmas (2019) Official Trailer (Universal Pictures),lIyJlf6JzRo,www.blackchristmas.com.au,True,NBCUNIVERSAL INTERNATIONAL NETWORKS AUSTRALIA PTY LTD,
20190912,Last Christmas – Official International Trailer (Universal Pictures) HD,co5jWMYsr34,www.lastchristmas.com.au,True,NBCUNIVERSAL INTERNATIONAL NETWORKS AUSTRALIA PTY LTD,
20190930,1917 - In Cinemas January 2020 (Behind The Scenes Featurette) [HD],V0B24BzyKfM,www.1917.com.au,True,NBCUNIVERSAL INTERNATIONAL NETWORKS AUSTRALIA PTY LTD,
20191003,1917 (JANUARY 2020) – Official Trailer HD (Universal Pictures),IwRL0u87nbc,www.1917.com.au,True,NBCUNIVERSAL INTERNATIONAL NETWORKS AUSTRALIA PTY LTD,
20191128,1917 - In Cinemas January 2020 (Single Shot Featurette),UYD8JPTnnnk,www.1917.com.au,True,NBCUNIVERSAL INTERNATIONAL NETWORKS AUSTRALIA PTY LTD,
20191122,Trolls World Tour – Official Trailer (Universal Pictures) HD,tvXgXQ6iro4,www.trolls-themovie.com.au,True,NBCUNIVERSAL INTERNATIONAL NETWORKS AUSTRALIA PTY LTD,
20200310,Trolls World Tour- The Other Side Music Video,5df3dTBYVJY,www.trolls-themovie.com.au,True,NBCUNIVERSAL INTERNATIONAL NETWORKS AUSTRALIA PTY LTD,
20191210,Dolittle – Animal Auditions (Universal Pictures) HD,9fVw-hFYo9Q,www.dolittle.com.au,True,NBCUNIVERSAL INTERNATIONAL NETWORKS AUSTRALIA PTY LTD,
20200131,Fast & Furious 9 (Universal Pictures) Official Trailer (HD),7XhgxnRCnl4,www.fastandfuriousmovie.com.au,True,UNIVERSAL PICTURES INTERNATIONAL AUSTRALASIA PTY LTD,
20210429,FAST & FURIOUS 9 – You Know It's Fast When (Universal Pictures) HD,FWE8kcA7VO8,www.fastandfuriousmovie.com.au,True,UNIVERSAL PICTURES INTERNATIONAL AUSTRALASIA PTY LTD,
20210615,FAST & FURIOUS 9 – Cardi B (Universal Pictures) HD,IiznrFboFAg,www.fastandfuriousmovie.com.au,True,UNIVERSAL PICTURES INTERNATIONAL AUSTRALASIA PTY LTD,
20210511,FAST & FURIOUS 9 – Fast and Fearless (Universal Pictures) HD,4WYJTluXMJo,www.fastandfuriousmovie.com.au,True,UNIVERSAL PICTURES INTERNATIONAL AUSTRALASIA PTY LTD,
20210414,Fast & Furious 9 – Official Trailer 2 (Universal Pictures) HD,xzVw9QTBKJk,www.fastandfuriousmovie.com.au,True,UNIVERSAL PICTURES INTERNATIONAL AUSTRALASIA PTY LTD,
20200225,Director Cary Joji Fukunaga on No Time to Die (Universal Pictures) HD,Eys5fH-dtvo,www.007.com,True,,
20200903,NO TIME TO DIE | Trailer 2,pBMY2rTz_VM,www.007.com,True,,
20200914,NO TIME TO DIE – Meet Safin (Universal Pictures) HD,V4YCyZ0mrrM,www.007.com,True,,
20200226,The Hunt – International Trailer (Universal Pictures) HD,rtvzPdfrkHk,www.thehuntmovie.com.au,True,NBCUNIVERSAL INTERNATIONAL NETWORKS AUSTRALIA PTY LTD,
20200402,The Hunt – Official Trailer (Universal Pictures)  2020,uxAWKALOCAg,www.thehuntmovie.com.au,True,NBCUNIVERSAL INTERNATIONAL NETWORKS AUSTRALIA PTY LTD,
20200228,The High Note – Official Trailer (Universal Pictures) HD,OAxtH_xwlnM,www.thehighnote.com.au,True,NBCUNIVERSAL INTERNATIONAL NETWORKS AUSTRALIA PTY LTD,
20200629,RESPECT – Official Teaser Trailer (Universal Pictures) HD,jx6YgHwGp-M,www.respectmovie.com.au,True,NBCUNIVERSAL INTERNATIONAL NETWORKS AUSTRALIA PTY LTD,
20200910,Freaky – Official Trailer (Universal Pictures) HD,W-M4qEmF268,www.freakymovie.com.au,True,NBCUNIVERSAL INTERNATIONAL NETWORKS AUSTRALIA PTY LTD,
20200921,The Croods: A New Age – Official Trailer (Universal Pictures) HD,2V6EXulQHjA,www.thecroods.com.au,True,DreamWorks Animation L.L.C.,
20201109,The Croods: A New Age - The Croodimals Documentary (Universal Pictures),Fy7eC0j0ucU,www.thecroods.com.au,True,DreamWorks Animation L.L.C.,
20201012,All My Life (Official Trailer) Universal Pictures,Tdce40rfRbk,www.allmylifemovie.com.au,True,NBCUNIVERSAL INTERNATIONAL NETWORKS AUSTRALIA PTY LTD,
20201020,Let Him Go (Official Trailer) Universal Pictures,tibarzGOUSk,www.lethimgo.com.au,True,NBCUNIVERSAL INTERNATIONAL NETWORKS AUSTRALIA PTY LTD,
20201028,News of the World-   A Look Inside– Featurette (Universal Pictures),Vg3UhteMzRg,www.newsoftheworldmovie.com.au,False,,
20201022,NEWS OF THE WORLD – Official Trailer (Universal Pictures) HD,SG_EVA58P-g,www.newsoftheworldmovie.com.au,False,,
20201124,The Boss Baby: Family Business – Official Trailer (Universal Pictures) HD,qcH6jG5PKkg,www.thebossbabymovie.com.au,True,NBCUNIVERSAL INTERNATIONAL NETWORKS AUSTRALIA PTY LTD,
20210602,The Boss Baby: Family Business - Official Trailer 2 (Universal Pictures),V6qBrri_FDs,www.thebossbabymovie.com.au,True,NBCUNIVERSAL INTERNATIONAL NETWORKS AUSTRALIA PTY LTD,
20210225,NOBODY – Return Spot (Universal Pictures) HD,7P_c-TQh2O4,www.nobodymovie.com.au,True,NBCUNIVERSAL INTERNATIONAL NETWORKS AUSTRALIA PTY LTD,
20201210,NOBODY – Official Trailer (Universal Pictures) HD,ngy7grwzFTw,www.nobodymovie.com.au,True,NBCUNIVERSAL INTERNATIONAL NETWORKS AUSTRALIA PTY LTD,
20210317,NOBODY - Bob Odenkirk Stunt Training (Universal Pictures),x1ymKaNLEwk,www.nobodymovie.com.au,True,NBCUNIVERSAL INTERNATIONAL NETWORKS AUSTRALIA PTY LTD,
20210317,Voyagers- Official Trailer (Universal Pictures),zadWJ8tPmnU,www.voyagersmovie.com.au,True,NBCUNIVERSAL INTERNATIONAL NETWORKS AUSTRALIA PTY LTD,
20210331,SPIRIT UNTAMED - Official Trailer (Universal Pictures) HD,pxvQ8GjxwTY,www.spirituntamed.com.au,True,NBCUNIVERSAL INTERNATIONAL NETWORKS AUSTRALIA PTY LTD,
20210518,DEAR EVAN HANSEN – Official Trailer (Universal Pictures) HD,QeIJG8bZHFo,www.dearevanhansen.com.au,True,NBCUNIVERSAL INTERNATIONAL NETWORKS AUSTRALIA PTY LTD,
20210525,LAST NIGHT IN SOHO – Official Teaser Trailer (Universal Pictures) HD,0Ppe1YYATQY,www.lastnightinsoho.com.au,True,NBCUNIVERSAL INTERNATIONAL NETWORKS AUSTRALIA PTY LTD,
20210908,LAST NIGHT IN SOHO - Official Trailer (Universal Pictures) HD,6Me8IpnttFQ,www.lastnightinsoho.com.au,True,NBCUNIVERSAL INTERNATIONAL NETWORKS AUSTRALIA PTY LTD,
20210527,OLD – Official Trailer (Universal Pictures) HD,gv8V0_c4U5E,www.oldmovie.com.au,True,NBCUNIVERSAL INTERNATIONAL NETWORKS AUSTRALIA PTY LTD,
20210625,HALLOWEEN KILLS – Official Trailer (Universal Pictures) HD,A2VvyptK6B0,www.halloweenmovie.com.au,True,NBCUNIVERSAL INTERNATIONAL NETWORKS AUSTRALIA PTY LTD,
20220720,HALLOWEEN ENDS | Trailer 1 (Universal Pictures) HD,czDA1BbeDDI,www.halloweenmovie.com.au,True,NBCUNIVERSAL INTERNATIONAL NETWORKS AUSTRALIA PTY LTD,
20211007,HALLOWEEN KILLS | A Look Inside (Universal Pictures) HD,TFA5HwRhWB0,www.halloweenmovie.com.au,True,NBCUNIVERSAL INTERNATIONAL NETWORKS AUSTRALIA PTY LTD,
20210713,Blue Bayou - Official Trailer (Universal Pictures),C1iLLVv2XrU,www.bluebayoumovie.com.au,True,NBCUNIVERSAL INTERNATIONAL NETWORKS AUSTRALIA PTY LTD,
20210730,HOUSE OF GUCCI - Official Trailer (Universal Pictures) HD,1HAlmH_QI4Q,houseofgucci.com.au,True,NBCUNIVERSAL INTERNATIONAL NETWORKS AUSTRALIA PTY LTD,
20210903,Belfast - Official Trailer (Universal Pictures),9P_hHg0Qez0,www.belfastmovie.com.au,True,NBCUNIVERSAL INTERNATIONAL NETWORKS AUSTRALIA PTY LTD,
20220109,Belfast - Official Trailer 2 (Universal Pictures),YukTDq88YkU,www.belfastmovie.com.au,True,NBCUNIVERSAL INTERNATIONAL NETWORKS AUSTRALIA PTY LTD,
20210906,The Card Counter - Official Trailer (Universal Pictures),s3lRxDI885o,www.thecardcounter.com.au,True,NBCUNIVERSAL INTERNATIONAL NETWORKS AUSTRALIA PTY LTD,
20210919,DEAR EVAN HANSEN – Official Trailer 2 (Universal Pictures) HD,j0oiRMR1gCY,dearevanhansen.com.au,True,NBCUNIVERSAL INTERNATIONAL NETWORKS AUSTRALIA PTY LTD,
20220929,Halloween Ends | A Look Inside,9vQEOG_AhUM,halloweenmovie.com.au,True,NBCUNIVERSAL INTERNATIONAL NETWORKS AUSTRALIA PTY LTD,
20210920,HALLOWEEN KILLS – Final Trailer (Universal Pictures) HD,Xjg4sZlSecg,halloweenmovie.com.au,True,NBCUNIVERSAL INTERNATIONAL NETWORKS AUSTRALIA PTY LTD,
20220928,Halloween Ends | The Final Trailer,jThB2G7kqhY,halloweenmovie.com.au,True,NBCUNIVERSAL INTERNATIONAL NETWORKS AUSTRALIA PTY LTD,
20210927,LICORICE PIZZA – Official Trailer (Universal Pictures),AMcwN94D_mY,www.licoricepizzamovie.com.au,True,NBCUNIVERSAL INTERNATIONAL NETWORKS AUSTRALIA PTY LTD,
20211006,CYRANO – Official Trailer (Universal Pictures) HD,Ht0GCFCmgPM,www.cyranomovie.com.au,True,NBCUNIVERSAL INTERNATIONAL NETWORKS AUSTRALIA PTY LTD,
20211012,LAST NIGHT IN SOHO - Official Trailer 3 (Universal Pictures),berIfIjpzZY,Lastnightinsoho.com.au,True,NBCUNIVERSAL INTERNATIONAL NETWORKS AUSTRALIA PTY LTD,
20211027,Last Night in Soho - Edgar Wright and Krysty Wilson-Cairns Soho Tour,-E6UnRKV4-c,Lastnightinsoho.com.au,True,NBCUNIVERSAL INTERNATIONAL NETWORKS AUSTRALIA PTY LTD,
20211027,Downtown (Downtempo) by Anya Taylor-Joy from Last Night In Soho - Official Music Video,TB2h27fDWU8,Lastnightinsoho.com.au,True,NBCUNIVERSAL INTERNATIONAL NETWORKS AUSTRALIA PTY LTD,
20211013,THE BLACK PHONE – Official Trailer (Universal Pictures) HD,RrgBwj3hKFg,www.theblackphone.com.au,True,NBCUNIVERSAL INTERNATIONAL NETWORKS AUSTRALIA PTY LTD,
20211021,AMBULANCE – Official Trailer (Universal Pictures) HD,NL57qc6lgSQ,www.ambulancemovie.com.au,True,NBCUNIVERSAL INTERNATIONAL NETWORKS AUSTRALIA PTY LTD,
20220324,AMBULANCE - Official Trailer 2 (Universal Pictures) HD,vvqiVjwK1ik,www.ambulancemovie.com.au,True,NBCUNIVERSAL INTERNATIONAL NETWORKS AUSTRALIA PTY LTD,
20220322,AMBULANCE - Flying Camera! AMBULANCE FPV Drone Featurette (Universal Pictures) HD,GXMWHjwNbzs,www.ambulancemovie.com.au,True,NBCUNIVERSAL INTERNATIONAL NETWORKS AUSTRALIA PTY LTD,
20220317,AMBULANCE - A Look Inside (Universal Pictures) HD,EAuPsOC4ztk,www.ambulancemovie.com.au,True,NBCUNIVERSAL INTERNATIONAL NETWORKS AUSTRALIA PTY LTD,
20211115,Downton Abbey: A New Era - Official Trailer 1,lx142cCysGc,downtonabbeymovie.com.au,True,NBCUNIVERSAL INTERNATIONAL NETWORKS AUSTRALIA PTY LTD,
20211118,MARRY ME | Official Trailer (Universal Pictures) HD,TWl61UAqg5s,www.marrymemovie.com.au,True,NBCUNIVERSAL INTERNATIONAL NETWORKS AUSTRALIA PTY LTD,
20211124,SING 2 - Final Trailer (Universal Pictures) HD,PtMSb9RtYw8,singmovie.com.au,True,NBCUNIVERSAL INTERNATIONAL NETWORKS AUSTRALIA PTY LTD,
20220223,The Bad Guys - Official Trailer 2,3BpdmszMFRw,www.thebadguys.com.au,True,NBCUNIVERSAL INTERNATIONAL NETWORKS AUSTRALIA PTY LTD,
20211214,The Bad Guys - Official Trailer,hD3iUa6BL-M,www.thebadguys.com.au,True,NBCUNIVERSAL INTERNATIONAL NETWORKS AUSTRALIA PTY LTD,
20211216,Minions: The Rise of Gru | On Our Way (Universal Pictures) HD,Kt9XNMwIZwk,minionsmovie.com.au,True,UNIVERSAL PICTURES INTERNATIONAL AUSTRALASIA PTY LTD,
20211220,The Northman - Official Trailer #1 - Coming Soon - Only In Cinemas,SHzZDwO6qoo,www.thenorthman.com.au,True,NBCUNIVERSAL INTERNATIONAL NETWORKS AUSTRALIA PTY LTD,
20220209,Firestarter | Official Trailer (Universal Pictures) HD,7VWgM_SKkrY,www.firestartermovie.com.au,True,NBCUNIVERSAL INTERNATIONAL NETWORKS AUSTRALIA PTY LTD,
20220428,JURASSIC WORLD DOMINION | Official Trailer 2 (Universal Pictures) HD,VQ7LDYTl_xA,www.jurassicworldmovie.com.au,True,UNIVERSAL PICTURES INTERNATIONAL AUSTRALASIA PTY LTD,
20220210,JURASSIC WORLD DOMINION | Official Trailer (Universal Pictures) HD,jseFW09cIaA,www.jurassicworldmovie.com.au,True,UNIVERSAL PICTURES INTERNATIONAL AUSTRALASIA PTY LTD,
20220414,JURASSIC WORLD DOMINION | Legacy Featurette (Universal Pictures) HD,CxQzUegfS6k,www.jurassicworldmovie.com.au,True,UNIVERSAL PICTURES INTERNATIONAL AUSTRALASIA PTY LTD,
20220213,Nope | Official Trailer (Universal Pictures) HD,TqFelP25OvY,wwwnopemovie.com.au,False,,
20220315,Downton Abbey: The Official Podcast,0PU9GTOjMbw,downtonabbeypodcast.com,True,,
20220315,Puss in Boots: The Last Wish | Official Trailer (Universal Pictures) HD,ZLn1wQA2jS4,www.pussinbootsthemovie.com.au,True,NBCUNIVERSAL INTERNATIONAL NETWORKS AUSTRALIA PTY LTD,
20221205,PUSS IN BOOTS: THE LAST WISH | A Look Inside Featurette,UuF2ODrCQNc,www.pussinbootsthemovie.com.au,True,NBCUNIVERSAL INTERNATIONAL NETWORKS AUSTRALIA PTY LTD,
20221216,PUSS IN BOOTS: THE LAST WISH | Characters of the Last Wish,3C8BeM63VbY,www.pussinbootsthemovie.com.au,True,NBCUNIVERSAL INTERNATIONAL NETWORKS AUSTRALIA PTY LTD,
20221130,PUSS IN BOOTS: THE LAST WISH | RECAP PIECE,FhTK3I6qA9s,www.pussinbootsthemovie.com.au,True,NBCUNIVERSAL INTERNATIONAL NETWORKS AUSTRALIA PTY LTD,
20220615,Puss in Boots: The Last Wish | Official Trailer 2,XDEvN4UeAZw,www.pussinbootsthemovie.com.au,True,NBCUNIVERSAL INTERNATIONAL NETWORKS AUSTRALIA PTY LTD,
20221115,Puss in Boots: The Last Wish | Official Trailer 3 (Universal Pictures) HD,HGTxZNue98Y,www.pussinbootsthemovie.com.au,True,NBCUNIVERSAL INTERNATIONAL NETWORKS AUSTRALIA PTY LTD,
20221213,PUSS IN BOOTS: THE LAST WISH | Hot Ones Episode,f-0YuRDTGII,www.pussinbootsthemovie.com.au,True,NBCUNIVERSAL INTERNATIONAL NETWORKS AUSTRALIA PTY LTD,
20220613,What happens when Steve Carell auditions to be the next Wiggle?,KzfAhm9DHBI,www.minionnation.com.au,True,UNIVERSAL PICTURES INTERNATIONAL AUSTRALASIA PTY LTD,
20220606,Minions: The Rise of Gru | Official Trailer (Universal Pictures) HD,3ci8_TG5nYo,www.minionnation.com.au,True,UNIVERSAL PICTURES INTERNATIONAL AUSTRALASIA PTY LTD,
20220330,Minions: The Rise of Gru | Official Trailer (Universal Pictures) HD,98Gym6CazPs,www.minionnation.com.au,True,UNIVERSAL PICTURES INTERNATIONAL AUSTRALASIA PTY LTD,
20220426,The Black Phone - Official Trailer 2,d-1grXI-aLU,theblackphone.com.au,True,NBCUNIVERSAL INTERNATIONAL NETWORKS AUSTRALIA PTY LTD,
20220428,Mrs. Harris Goes to Paris - Official Trailer 1,9lH47pGultU,www.mrsharrisgoestoparis.com.au,True,NBCUNIVERSAL INTERNATIONAL NETWORKS AUSTRALIA PTY LTD,
20220616,Bros - Official Trailer 2 (Universal Pictures) HD,iS3uGm_Ft2o,www.brosmovie.com.au,True,NBCUNIVERSAL INTERNATIONAL NETWORKS AUSTRALIA PTY LTD,
20220920,Bros | A Look Inside Featurette,vrS0jqaMwts,www.brosmovie.com.au,True,NBCUNIVERSAL INTERNATIONAL NETWORKS AUSTRALIA PTY LTD,
20220518,Bros - Official Red Band Trailer (Universal Pictures) HD,SiJoqTk08AI,www.brosmovie.com.au,True,NBCUNIVERSAL INTERNATIONAL NETWORKS AUSTRALIA PTY LTD,
20220525,BEAST - Official Trailer,7P0sZhQdyGY,www.beastmovie.com.au,True,NBCUNIVERSAL INTERNATIONAL NETWORKS AUSTRALIA PTY LTD,
20220810,NOPE | Final Trailer,SzaGCG9PiqA,www.nopemovie.com.au,True,NBCUNIVERSAL INTERNATIONAL NETWORKS AUSTRALIA PTY LTD,
20220609,NOPE | International Trailer (Universal Pictures) HD,TF4-KjUihWE,www.nopemovie.com.au,True,NBCUNIVERSAL INTERNATIONAL NETWORKS AUSTRALIA PTY LTD,
20220629,TICKET TO PARADISE | Trailer 1 (Universal Pictures) HD,xB5TFOtQLEw,www.tickettoparadise.com.au,True,NBCUNIVERSAL INTERNATIONAL NETWORKS AUSTRALIA PTY LTD,
20220707,Jurassic World Evolution 2 - Dominion Biosyn Expansion,f1mPBMTbF3M,www.jurassicworldevolution2.com,True,,
20220728,TÁR | Teaser Trailer,SMxeQ3SSjs8,www.tarmovie.com.au,True,NBCUNIVERSAL INTERNATIONAL NETWORKS AUSTRALIA PTY LTD,
20220929,TÁR | Official Trailer 1,Shwrx23ehF8,www.tarmovie.com.au,True,NBCUNIVERSAL INTERNATIONAL NETWORKS AUSTRALIA PTY LTD,
20220826,TÁR | Official Teaser,vtQEQ0xOy9M,www.tarmovie.com.au,True,NBCUNIVERSAL INTERNATIONAL NETWORKS AUSTRALIA PTY LTD,
20220801,MOONAGE DAYDREAM – Official Trailer (Universal Pictures) HD,H8Wpj7tAvHQ,www.moonagedaydreammovie.com.au,True,NBCUNIVERSAL INTERNATIONAL NETWORKS AUSTRALIA PTY LTD,
20220907,Armageddon Time - Official Trailer,MvPV630HrHM,www.armageddontimemovie.com.au,True,NBCUNIVERSAL INTERNATIONAL NETWORKS AUSTRALIA PTY LTD,
20221225,Knock at the Cabin | Official Trailer 2 (Universal Studios) - HD,m7YPc6FUAcg,www.knockatthecabinmovie.com.au,True,NBCUNIVERSAL INTERNATIONAL NETWORKS AUSTRALIA PTY LTD,
20220922,Knock at the Cabin | Official Trailer 1,NJX9EJnkce8,www.knockatthecabinmovie.com.au,True,NBCUNIVERSAL INTERNATIONAL NETWORKS AUSTRALIA PTY LTD,
20220930,Spoiler Alert | Official Trailer 1,W6_ZQ-tdwhk,www.spoileralertmovie.com.au,True,NBCUNIVERSAL INTERNATIONAL NETWORKS AUSTRALIA PTY LTD,
20221005,Violent Night - Official Trailer 1 (Universal Pictures) HD,fT06U_ywr1w,www.violentnightmovie.com.au,True,NBCUNIVERSAL INTERNATIONAL NETWORKS AUSTRALIA PTY LTD,
20221129,The Super Mario Bros. Movie - Official Trailer (Universal Pictures) HD,qevgo4sHxeQ,www.thesupermariobrosmovie.com.au,True,NBCUNIVERSAL INTERNATIONAL NETWORKS AUSTRALIA PTY LTD,
20221006,THE SUPER MARIO BROS. MOVIE | OFFICIAL TEASER TRAILER,c2s1ASeKDhc,www.thesupermariobrosmovie.com.au,True,NBCUNIVERSAL INTERNATIONAL NETWORKS AUSTRALIA PTY LTD,
20221011,WOMEN TALKING | Another Way Forward - A Filmmaker’s Vision,AHaHTGrZm7I,www.womentalkingmovie.com.au,True,NBCUNIVERSAL INTERNATIONAL NETWORKS AUSTRALIA PTY LTD,
20221011,WOMEN TALKING | Official Trailer,fOYrwOnxS_w,www.womentalkingmovie.com.au,True,NBCUNIVERSAL INTERNATIONAL NETWORKS AUSTRALIA PTY LTD,
20221207,M3GAN - Official Trailer 2 (Universal Pictures) HD,1kBqEmXSW-A,m3gan.com.au,True,NBCUNIVERSAL INTERNATIONAL NETWORKS AUSTRALIA PTY LTD,
20221011,M3GAN - Official Trailer 1 (Universal Pictures) HD,F_yjHn6cLv0,m3gan.com.au,True,NBCUNIVERSAL INTERNATIONAL NETWORKS AUSTRALIA PTY LTD,
20221215,WOMEN TALKING | Official Trailer 2,z45Gws60Azs,www.womentalkingmovie.com.au,True,NBCUNIVERSAL INTERNATIONAL NETWORKS AUSTRALIA PTY LTD,
20221122,TILL | Official International Trailer,2VA9BJzKE40,www.tillmovie.com.au,True,NBCUNIVERSAL INTERNATIONAL NETWORKS AUSTRALIA PTY LTD,
20221130,Cocaine Bear - Official Trailer 1 (Universal Pictures) HD,f58Uol5H-aI,www.cocainebear.com.au,True,NBCUNIVERSAL INTERNATIONAL NETWORKS AUSTRALIA PTY LTD,
20221219,OPPENHEIMER - Official Trailer (Universal Studios) - HD,lgm4IeSUJOw,www.oppenheimermovie.com.au,True,NBCUNIVERSAL INTERNATIONAL NETWORKS AUSTRALIA PTY LTD,
20221220,Book Club: The Next Chapter - Official Teaser Trailer (Universal Pictures) - HD,xemP77zOH9g,www.bookclub2movie.com.au,True,NBCUNIVERSAL INTERNATIONAL NETWORKS AUSTRALIA PTY LTD,
